{
  "type": "FeatureCollection",
  "features": [
    {
      "type": "Feature",
      "properties": {},
      "geometry": {
        "type": "LineString",
        "coordinates": [
          [
            28.05908203125,
            -28.863918426224537
          ],
          [
            28.751220703125004,
            -28.700224692776974
          ],
          [
            28.883056640624996,
            -29.10897615145303
          ],
          [
            29.3829345703125,
            -29.439597566602902
          ],
          [
            28.773193359374996,
            -30.031055426540206
          ],
          [
            28.1744384765625,
            -30.00727392350453
          ],
          [
            27.9327392578125,
            -30.63318556699761
          ],
          [
            27.0703125,
            -29.635545914466675
          ],
          [
            27.718505859375,
            -29.430029404571762
          ],
          [
            28.0810546875,
            -28.854296498697934
          ]
        ]
      }
    }
  ]
}