{
  "type": "FeatureCollection",
  "features": [
    {
      "type": "Feature",
      "properties": {},
      "geometry": {
        "type": "LineString",
        "coordinates": [
          [
            27.938232421875,
            -28.16887518006333
          ],
          [
            26.19140625,
            -27.69325634309157
          ],
          [
            26.707763671875,
            -27.313213898568247
          ],
          [
            26.246337890625,
            -26.931865156388916
          ],
          [
            27.48779296875,
            -26.303264239389534
          ],
          [
            27.103271484375,
            -25.48295117535531
          ],
          [
            29.135742187499996,
            -25.611809521055466
          ],
          [
            29.81689453125,
            -27.019984007982554
          ],
          [
            28.388671875,
            -27.35225293806383
          ],
          [
            27.872314453125,
            -28.14950321154457
          ]
        ]
      }
    }
  ]
}